Year,stress
2014,0.17163419697583285
2015,0.2130856368907046
2016,0.19441418156606083
2017,0.18956745228349056
2018,0.19394653757674887
2019,0.17471598047948236
